epoch,time,train/box_loss,train/cls_loss,train/dfl_loss,metrics/precision(B),metrics/recall(B),metrics/mAP50(B),metrics/mAP50-95(B),val/box_loss,val/cls_loss,val/dfl_loss,lr/pg0,lr/pg1,lr/pg2
1,13.4855,2.36131,5.48201,0.01164,0,0,0,0,2.34676,10.2376,0.01733,2.858e-05,2.858e-05,2.858e-05
2,23.3265,2.38696,6.04391,0.0119,0,0,0,0,2.28802,10.112,0.01668,7.07426e-05,7.07426e-05,7.07426e-05
3,34.8418,2.30925,5.86015,0.01299,0.00079,0.09231,0.00017,0.0001,2.04768,9.69265,0.01565,0.000112056,0.000112056,0.000112056
4,44.7659,1.94641,6.6519,0.01157,0.00043,0.05897,5e-05,3e-05,1.9005,9.51544,0.01462,0.000152521,0.000152521,0.000152521
5,54.7341,2.16604,5.95817,0.00998,0.00104,0.12564,0.03191,0.02863,1.84247,9.40684,0.01381,0.000192138,0.000192138,0.000192138
6,64.7678,1.77105,5.9072,0.01125,0.00139,0.15897,0.0323,0.03177,1.78281,9.41244,0.01393,0.000230905,0.000230905,0.000230905
7,74.6909,1.88468,5.53196,0.00854,0.0013,0.15897,0.03244,0.0287,1.73323,9.30839,0.01324,0.000268823,0.000268823,0.000268823
8,84.7466,1.86221,4.91597,0.00864,0.00154,0.19231,0.03271,0.02878,1.77406,9.26903,0.01387,0.000305893,0.000305893,0.000305893
9,95.1233,1.88344,4.88455,0.00851,0.00157,0.2,0.03356,0.02701,1.76638,9.1785,0.0125,0.000342114,0.000342114,0.000342114
10,105.532,1.89536,4.45782,0.008,0.00191,0.23333,0.03366,0.02754,1.86931,9.17308,0.01412,0.000377486,0.000377486,0.000377486
11,115.793,1.87843,4.31758,0.00825,0.00359,0.45128,0.03854,0.02506,1.76269,8.96655,0.01327,0.000412009,0.000412009,0.000412009
12,126.593,1.86497,4.15502,0.00779,0.00344,0.47692,0.04375,0.02381,1.7384,8.90896,0.01363,0.000445684,0.000445684,0.000445684
13,137.003,1.78947,5.05592,0.00917,0.00384,0.59487,0.07051,0.03101,1.64238,8.79449,0.01177,0.000478509,0.000478509,0.000478509
14,146.962,1.67604,4.86927,0.01006,0.00388,0.62051,0.09091,0.03998,1.69959,8.84122,0.01366,0.000510486,0.000510486,0.000510486
15,157.259,1.52644,5.2266,0.00848,0.00328,0.52821,0.0876,0.03853,1.81161,8.87849,0.01485,0.000541614,0.000541614,0.000541614
16,168.516,1.73944,4.28601,0.00837,0.00306,0.50256,0.06823,0.03451,1.83654,8.87692,0.01633,0.000571893,0.000571893,0.000571893
17,179.427,1.62909,3.88637,0.0071,0.00307,0.50256,0.07541,0.04351,1.87068,8.77671,0.01599,0.000601323,0.000601323,0.000601323
18,190.211,1.81885,4.34783,0.00883,0.00365,0.59487,0.07074,0.04231,1.85618,8.71032,0.0147,0.000629905,0.000629905,0.000629905
19,200.777,1.81606,3.6081,0.00714,0.00369,0.59487,0.0793,0.04859,1.75092,8.63042,0.01201,0.000657637,0.000657637,0.000657637
20,211.279,1.61993,4.15624,0.00659,0.00371,0.59487,0.06329,0.03737,1.80888,8.63585,0.01434,0.000684521,0.000684521,0.000684521
21,221.924,1.71667,3.51776,0.00635,0.00368,0.59487,0.07602,0.04632,1.74435,8.54097,0.01382,0.000710556,0.000710556,0.000710556
22,232.401,1.68478,4.22294,0.00819,0.00364,0.59487,0.21395,0.15041,1.77196,8.4533,0.01338,0.000735742,0.000735742,0.000735742
23,244.437,1.573,4.40377,0.0093,0.00361,0.59487,0.22725,0.16185,1.90271,8.42211,0.01445,0.000760079,0.000760079,0.000760079
24,257.548,1.79282,3.97363,0.00761,0.00336,0.56154,0.22383,0.15418,1.84241,8.28426,0.01309,0.000783568,0.000783568,0.000783568
25,271.702,1.79465,3.53601,0.00792,0.00334,0.56154,0.23709,0.14065,1.82844,8.18704,0.01309,0.000806208,0.000806208,0.000806208
26,283.371,1.68559,3.83566,0.00775,0.00356,0.59487,0.25347,0.14134,1.90354,8.13347,0.01377,0.000827998,0.000827998,0.000827998
27,292.328,1.64171,3.79384,0.00862,0.23309,0.34359,0.26073,0.15297,1.86809,7.97751,0.01325,0.00084894,0.00084894,0.00084894
28,301.707,1.70307,3.42275,0.00828,0.55247,0.11795,0.25692,0.16373,1.79496,7.78241,0.01342,0.000869033,0.000869033,0.000869033
29,311.377,1.71804,3.17791,0.00734,0.55247,0.11795,0.25692,0.16373,1.79496,7.78241,0.01342,0.000888278,0.000888278,0.000888278
30,320.759,1.79132,3.41779,0.00812,0.49695,0.10534,0.26513,0.18166,1.81139,7.69339,0.01312,0.000906673,0.000906673,0.000906673
31,330.295,1.82086,3.12874,0.00714,0.5195,0.11026,0.2963,0.17798,1.87199,7.63661,0.01407,0.00092422,0.00092422,0.00092422
32,339.79,1.54873,4.13534,0.01073,0.58359,0.11098,0.29261,0.15892,2.03526,7.59977,0.01598,0.000940918,0.000940918,0.000940918
33,349.541,1.80873,3.1284,0.00688,0.58359,0.11098,0.29261,0.15892,2.03526,7.59977,0.01598,0.000956767,0.000956767,0.000956767
34,364.794,1.75238,3.28727,0.00775,0.61206,0.11026,0.28185,0.16012,2.10583,7.52958,0.01612,0.000962146,0.000962146,0.000962146
35,374.938,1.59149,3.99697,0.00919,0.4719,0.17122,0.25743,0.14758,2.1447,7.59233,0.01768,0.000947999,0.000947999,0.000947999
36,385.26,1.57141,3.26547,0.00849,0.41175,0.19744,0.30148,0.16155,2.19618,7.51502,0.01651,0.000933851,0.000933851,0.000933851
37,395.16,1.80524,2.87811,0.00747,0.41175,0.19744,0.30148,0.16155,2.19618,7.51502,0.01651,0.000919704,0.000919704,0.000919704
38,405.731,1.71015,3.22794,0.00881,0.3882,0.23376,0.307,0.17379,2.07367,7.31746,0.01564,0.000905557,0.000905557,0.000905557
39,415.803,1.71893,3.3151,0.00833,0.44627,0.30472,0.31715,0.19557,2.05677,7.19239,0.01625,0.00089141,0.00089141,0.00089141
40,426.37,1.60967,3.18091,0.0085,0.44302,0.27715,0.32678,0.20327,2.06175,7.09977,0.01466,0.000877263,0.000877263,0.000877263
41,436.76,1.64107,2.8535,0.00784,0.44302,0.27715,0.32678,0.20327,2.06175,7.09977,0.01466,0.000863116,0.000863116,0.000863116
42,446.575,1.74322,2.83124,0.00745,0.41833,0.24399,0.31212,0.20161,2.04852,6.93643,0.01558,0.000848969,0.000848969,0.000848969
43,456.889,1.71338,2.63025,0.00712,0.54073,0.28413,0.35074,0.22946,2.01145,6.71388,0.01618,0.000834822,0.000834822,0.000834822
44,466.841,1.64448,2.71984,0.00697,0.55412,0.28057,0.34626,0.22246,1.88204,6.54645,0.01491,0.000820675,0.000820675,0.000820675
45,476.48,1.6578,2.53613,0.0067,0.55412,0.28057,0.34626,0.22246,1.88204,6.54645,0.01491,0.000806528,0.000806528,0.000806528
46,486.112,1.57368,2.63598,0.00727,0.43491,0.30256,0.35172,0.23178,1.89031,6.45907,0.01513,0.00079238,0.00079238,0.00079238
47,496.325,1.45247,2.89512,0.00818,0.41624,0.30518,0.35328,0.22029,2.06501,6.49492,0.01613,0.000778233,0.000778233,0.000778233
48,507.277,1.57794,2.38657,0.00683,0.73543,0.36923,0.35432,0.21694,2.13458,6.50057,0.01477,0.000764086,0.000764086,0.000764086
49,518.15,1.49487,2.86759,0.00773,0.73543,0.36923,0.35432,0.21694,2.13458,6.50057,0.01477,0.000749939,0.000749939,0.000749939
50,529.643,1.60138,2.78094,0.00884,0.69756,0.30631,0.34905,0.21263,2.13054,6.40296,0.01534,0.000735792,0.000735792,0.000735792
51,541.404,1.71069,2.16423,0.00578,0.24756,0.39447,0.36379,0.21858,2.16426,6.30948,0.01504,0.000721645,0.000721645,0.000721645
52,553.263,1.64346,2.35248,0.00719,0.40264,0.42821,0.36307,0.22778,2.15062,6.22209,0.01508,0.000707498,0.000707498,0.000707498
53,564.455,1.51543,2.97447,0.00792,0.40264,0.42821,0.36307,0.22778,2.15062,6.22209,0.01508,0.000693351,0.000693351,0.000693351
54,575.75,1.44587,2.36357,0.00569,0.4457,0.41622,0.33474,0.19427,2.13876,6.20111,0.0147,0.000679204,0.000679204,0.000679204
55,587.213,1.57777,2.59883,0.007,0.42177,0.40256,0.34047,0.19496,2.13523,6.20602,0.01536,0.000665057,0.000665057,0.000665057
56,598.525,1.55819,2.40967,0.00723,0.3785,0.3359,0.31555,0.17178,2.14838,6.15906,0.01643,0.000650909,0.000650909,0.000650909
57,609.749,1.6509,2.31158,0.00707,0.3785,0.3359,0.31555,0.17178,2.14838,6.15906,0.01643,0.000636762,0.000636762,0.000636762
58,621.734,1.72906,2.24094,0.0066,0.39231,0.3359,0.31783,0.17969,2.07671,6.01089,0.01595,0.000622615,0.000622615,0.000622615
59,632.981,1.5164,2.76646,0.00793,0.39798,0.41992,0.32339,0.18966,1.98831,5.91748,0.01533,0.000608468,0.000608468,0.000608468
60,645.911,1.50024,2.45208,0.00654,0.57644,0.47189,0.34866,0.19742,1.96696,5.83635,0.01402,0.000594321,0.000594321,0.000594321
61,657.694,1.63279,2.70313,0.00681,0.57644,0.47189,0.34866,0.19742,1.96696,5.83635,0.01402,0.000580174,0.000580174,0.000580174
62,669.301,1.52941,2.36109,0.00631,0.59225,0.43576,0.35869,0.19937,2.01319,5.78621,0.01543,0.000566027,0.000566027,0.000566027
63,682.114,1.5391,2.34585,0.00656,0.58036,0.4359,0.34955,0.18634,2.0199,5.74728,0.01514,0.00055188,0.00055188,0.00055188
64,693.566,1.40229,2.10034,0.00591,0.6891,0.36063,0.35351,0.19538,1.98493,5.73127,0.015,0.000537733,0.000537733,0.000537733
65,705.135,1.56812,2.34533,0.00611,0.6891,0.36063,0.35351,0.19538,1.98493,5.73127,0.015,0.000523586,0.000523586,0.000523586
66,716.457,1.37677,2.4855,0.00731,0.79005,0.28932,0.36019,0.18817,2.04507,5.64982,0.01419,0.000509438,0.000509438,0.000509438
67,729.284,1.41411,2.17785,0.00619,0.71654,0.38091,0.37784,0.20194,2.05464,5.56615,0.01539,0.000495291,0.000495291,0.000495291
68,740.659,1.47927,2.09098,0.00604,0.78721,0.39487,0.41351,0.23081,2.05732,5.51554,0.01468,0.000481144,0.000481144,0.000481144
69,752.447,1.29733,2.82613,0.00793,0.78721,0.39487,0.41351,0.23081,2.05732,5.51554,0.01468,0.000466997,0.000466997,0.000466997
70,764.466,1.38024,2.16338,0.00679,0.76203,0.39487,0.41823,0.25181,2.01199,5.44899,0.01367,0.00045285,0.00045285,0.00045285
71,776.809,1.40745,2.48017,0.00704,0.7646,0.35018,0.41126,0.24903,1.99362,5.40101,0.01316,0.000438703,0.000438703,0.000438703
72,788.611,1.41366,2.23581,0.00685,0.99056,0.2528,0.4092,0.25719,1.94796,5.36617,0.01272,0.000424556,0.000424556,0.000424556
73,800.165,1.50534,2.01462,0.00589,0.99056,0.2528,0.4092,0.25719,1.94796,5.36617,0.01272,0.000410409,0.000410409,0.000410409
74,811.853,1.57356,1.8653,0.00489,1,0.25748,0.40692,0.26867,1.91841,5.37812,0.01203,0.000396262,0.000396262,0.000396262
75,823.776,1.36844,2.01636,0.00637,0.92892,0.25417,0.39965,0.26297,1.90831,5.36633,0.01206,0.000382115,0.000382115,0.000382115
76,835.423,1.3924,1.96554,0.00553,0.73502,0.2788,0.39838,0.25939,1.92095,5.35508,0.01229,0.000367967,0.000367967,0.000367967
77,846.177,1.28392,2.94964,0.00865,0.73502,0.2788,0.39838,0.25939,1.92095,5.35508,0.01229,0.00035382,0.00035382,0.00035382
78,857.697,1.49778,1.74937,0.00551,0.92115,0.25794,0.40437,0.26635,1.9137,5.33574,0.01207,0.000339673,0.000339673,0.000339673
79,868.985,1.42818,2.25371,0.00632,0.78925,0.32272,0.40217,0.2642,1.9138,5.32452,0.01212,0.000325526,0.000325526,0.000325526
80,880.356,1.36522,1.87319,0.00545,0.796,0.32335,0.39769,0.25917,1.93157,5.31265,0.01304,0.000311379,0.000311379,0.000311379
81,891.618,1.36593,2.13355,0.00585,0.796,0.32335,0.39769,0.25917,1.93157,5.31265,0.01304,0.000297232,0.000297232,0.000297232
82,902.672,1.3291,2.32911,0.00708,0.78013,0.32821,0.38474,0.24179,1.93685,5.29943,0.01296,0.000283085,0.000283085,0.000283085
83,913.978,1.36572,2.18918,0.00672,0.76397,0.36646,0.42306,0.25624,1.95149,5.27294,0.01317,0.000268938,0.000268938,0.000268938
84,924.828,1.23338,2.37049,0.00616,0.77232,0.37271,0.42215,0.25357,1.95437,5.25632,0.013,0.000254791,0.000254791,0.000254791
85,935.847,1.27757,2.00155,0.00643,0.77232,0.37271,0.42215,0.25357,1.95437,5.25632,0.013,0.000240644,0.000240644,0.000240644
86,947.057,1.30328,2.30707,0.00621,0.75336,0.39487,0.41949,0.25601,1.94746,5.23603,0.01287,0.000226497,0.000226497,0.000226497
87,958.04,1.32511,1.96368,0.00591,0.75675,0.39487,0.40201,0.23846,1.9275,5.25409,0.01287,0.000212349,0.000212349,0.000212349
88,969.67,1.49962,1.94814,0.00646,0.7255,0.39487,0.3816,0.22278,1.91924,5.20728,0.01323,0.000198202,0.000198202,0.000198202
89,980.79,1.56514,2.44359,0.00669,0.7255,0.39487,0.3816,0.22278,1.91924,5.20728,0.01323,0.000184055,0.000184055,0.000184055
90,992.032,1.46657,1.87408,0.00555,0.72543,0.38687,0.38571,0.21695,1.89758,5.21669,0.01311,0.000169908,0.000169908,0.000169908
91,1003.04,1.31474,3.13494,0.00977,0.7198,0.35626,0.39034,0.23138,1.89712,5.18622,0.01363,0.000155761,0.000155761,0.000155761
92,1026.87,1.39085,2.63976,0.00691,0.72483,0.32821,0.39029,0.21859,1.90708,5.20793,0.01384,0.000141614,0.000141614,0.000141614
93,1051.71,1.26698,2.97989,0.00572,0.72483,0.32821,0.39029,0.21859,1.90708,5.20793,0.01384,0.000127467,0.000127467,0.000127467
94,1070.7,1.39453,2.81313,0.00841,0.76304,0.32821,0.37297,0.20784,1.91018,5.24343,0.01312,0.00011332,0.00011332,0.00011332
95,1090.08,1.41092,2.68205,0.00609,0.76294,0.32821,0.37323,0.20668,1.92352,5.24646,0.01352,9.91726e-05,9.91726e-05,9.91726e-05
96,1108.92,1.25454,2.55804,0.00664,0.78733,0.39487,0.40402,0.23409,1.94855,5.22733,0.01381,8.50255e-05,8.50255e-05,8.50255e-05
97,1123.65,1.19242,3.01426,0.00797,0.78733,0.39487,0.40402,0.23409,1.94855,5.22733,0.01381,7.08784e-05,7.08784e-05,7.08784e-05
98,1134.51,1.34113,2.505,0.00539,0.78918,0.37223,0.41152,0.24044,1.94128,5.22103,0.01386,5.67313e-05,5.67313e-05,5.67313e-05
99,1145.68,1.28537,2.51846,0.00586,0.73818,0.32821,0.3939,0.22866,1.95468,5.22374,0.01408,4.25842e-05,4.25842e-05,4.25842e-05
100,1156.61,1.23292,2.97677,0.00731,0.79503,0.31405,0.40028,0.23308,1.99548,5.20818,0.01441,2.84371e-05,2.84371e-05,2.84371e-05
